segment,family,metric,key,model,training_videos,training_pf_days,accuracy,used_for_fit,paired_bootstrap_p025,paired_bootstrap_p975
First third,ar,mean_frame,ar:XS:32768,XS,32768,0.00044082739019776,0.0,False,0.0,0.0
First third,ar,mean_frame,ar:XS:524288,XS,524288,0.00705323824316416,0.018888888888888893,False,0.01,0.02888888888888889
First third,ar,mean_frame,ar:XS:786432,XS,786432,0.01057985736474624,0.17111111111111085,False,0.15666666666666654,0.18555555555555545
First third,ar,mean_frame,ar:XS:1000000,XS,1000000,0.01345298432,0.18999999999999972,True,0.17555555555555546,0.20444444444444423
First third,ar,mean_frame,ar:S:786432,S,786432,0.016796467296119468,0.23444444444444404,True,0.21777777777777751,0.25222222222222196
First third,ar,mean_frame,ar:M:524288,M,524288,0.019693976012572445,0.2577777777777774,True,0.24222222222222195,0.2744444444444442
First third,ar,mean_frame,ar:S:1000000,S,1000000,0.021357812622222222,0.2811111111111107,True,0.26333333333333314,0.2999999999999998
First third,ar,mean_frame,ar:M:786432,M,786432,0.029540964018858668,0.3455555555555552,True,0.32555555555555543,0.3655555555555556
First third,ar,mean_frame,ar:M:1000000,M,1000000,0.037563278222222225,0.37222222222222207,True,0.3522222222222221,0.39333333333333315
First third,ar,mean_frame,ar:M:1500000,M,1500000,0.056344917333333334,0.4099999999999999,True,0.38888888888888884,0.43111111111111095
First third,ar,mean_frame,ar:M:2000000,M,2000000,0.07512655644444445,0.43111111111111117,True,0.4077777777777777,0.4544444444444443
First third,ar,mean_frame,ar:M:2500000,M,2500000,0.09390819555555556,0.44555555555555565,True,0.4188888888888888,0.4733333333333331
First third,ar,mean_frame,ar:M:3000000,M,3000000,0.11268983466666667,0.48444444444444434,True,0.4555555555555552,0.5133333333333331
First third,ar,mean_frame,ar:M:3400000,M,3400000,0.12771514595555555,0.5066666666666667,True,0.4766666666666664,0.5366666666666664
First third,ar,mean_frame,ar:M:4000000,M,4000000,0.1502531128888889,0.5177777777777779,True,0.4899999999999999,0.5455555555555555
First third,ar,mean_frame,ar:M:4400000,M,4400000,0.16527842417777777,0.52,True,0.49555555555555525,0.5488888888888888
Middle third,ar,mean_frame,ar:M:5000000,M,5000000,0.18781639111111112,0.5255555555555556,True,0.4999999999999998,0.5544444444444441
Middle third,ar,mean_frame,ar:M:5400000,M,5400000,0.2028417024,0.5288888888888889,True,0.502222222222222,0.5588888888888885
Middle third,ar,mean_frame,ar:M:6000000,M,6000000,0.22537966933333334,0.5344444444444444,True,0.5066666666666665,0.5655555555555554
Middle third,ar,mean_frame,ar:M:6400000,M,6400000,0.2404049806222222,0.5388888888888888,True,0.5111111111111107,0.5711111111111107
Middle third,ar,mean_frame,ar:M:7400000,M,7400000,0.2779682588444444,0.5411111111111111,True,0.5155555555555552,0.574444444444444
Middle third,ar,mean_frame,ar:M:8000000,M,8000000,0.3005062257777778,0.5488888888888889,True,0.523305555555555,0.5788888888888886
Middle third,ar,mean_frame,ar:L:2500000,L,2500000,0.3221885696,0.5633333333333334,True,0.5355555555555553,0.593333333333333
Middle third,ar,mean_frame,ar:L:3000000,L,3000000,0.38662628352,0.5855555555555555,True,0.5544444444444441,0.6166666666666663
Middle third,ar,mean_frame,ar:L:3400000,L,3400000,0.438176454656,0.6088888888888888,True,0.5788888888888886,0.6377777777777776
Middle third,ar,mean_frame,ar:L:4000000,L,4000000,0.51550171136,0.6144444444444447,True,0.5877777777777774,0.6433333333333329
Middle third,ar,mean_frame,ar:L:4400000,L,4400000,0.567051882496,0.6311111111111112,True,0.6033333333333332,0.6588888888888886
Middle third,ar,mean_frame,ar:L:5000000,L,5000000,0.6443771392,0.6355555555555555,True,0.6088888888888887,0.6666666666666662
Middle third,ar,mean_frame,ar:L:5400000,L,5400000,0.695927310336,0.6366666666666666,True,0.612222222222222,0.6688888888888885
Middle third,ar,mean_frame,ar:L:6400000,L,6400000,0.824802738176,0.6577777777777776,True,0.6277777777777777,0.6877777777777775
Middle third,ar,mean_frame,ar:L:7400000,L,7400000,0.953678166016,0.661111111111111,True,0.6344444444444443,0.6922222222222221
Middle third,ar,mean_frame,ar:XL:5400000,XL,5400000,1.327896649728,0.671111111111111,True,0.644444444444444,0.7033333333333331
Last third,ar,mean_frame,ar:XL:6000000,XL,6000000,1.47544072192,0.6755555555555555,True,0.651111111111111,0.7077777777777777
Last third,ar,mean_frame,ar:XXL:4000000,XXL,4000000,1.6098277967644445,0.6855555555555553,True,0.6611111111111108,0.7155555555555553
Last third,ar,mean_frame,ar:XXL:4400000,XXL,4400000,1.7708105764408888,0.6933333333333331,True,0.6688888888888886,0.7244444444444442
Last third,ar,mean_frame,ar:XL:8000000,XL,8000000,1.9672542958933332,0.6966666666666664,True,0.673333333333333,0.7299999999999999
Last third,ar,mean_frame,ar:XXL:5000000,XXL,5000000,2.0122847459555557,0.7099999999999995,True,0.683333333333333,0.7411111111111108
Last third,ar,mean_frame,ar:XXL:5400000,XXL,5400000,2.173267525632,0.7177777777777776,True,0.6911111111111108,0.7477777777777775
Last third,ar,mean_frame,ar:XXL:5600000,XXL,5600000,2.2537589154702222,0.7244444444444441,True,0.6955555555555554,0.7544444444444443
Last third,ar,mean_frame,ar:XXL:5800000,XXL,5800000,2.3342503053084442,0.7577777777777771,True,0.7288888888888887,0.7855555555555553
Last third,ar,mean_frame,ar:XXL:6000000,XXL,6000000,2.4147416951466667,0.7811111111111104,True,0.7499999999999999,0.8122222222222223
Last third,ar,mean_frame,ar:XXL:6200000,XXL,6200000,2.4952330849848887,0.7933333333333329,True,0.7644444444444441,0.8233333333333331
Last third,ar,mean_frame,ar:XXL:6600000,XXL,6600000,2.656215864661333,0.8111111111111109,True,0.7799999999999998,0.8433333333333333
Last third,ar,mean_frame,ar:XXL:6800000,XXL,6800000,2.7367072544995557,0.8233333333333331,True,0.7922222222222223,0.8533333333333334
Last third,ar,mean_frame,ar:XXL:7000000,XXL,7000000,2.8171986443377777,0.8244444444444443,True,0.7966666666666664,0.8555555555555556
Last third,ar,mean_frame,ar:XXL:7400000,XXL,7400000,2.978181424014222,0.8255555555555552,True,0.8011111111111111,0.8588888888888888
Last third,ar,mean_frame,ar:XXL:7600000,XXL,7600000,3.0586728138524446,0.8266666666666663,True,0.8033333333333333,0.8622222222222221
Last third,ar,mean_frame,ar:XXL:7800000,XXL,7800000,3.1391642036906666,0.8366666666666663,True,0.8100000000000002,0.8677777777777776
First third,ar,full_trajectory,ar:XS:32768,XS,32768,0.00044082739019776,0.0,False,0.0,0.0
First third,ar,full_trajectory,ar:M:2500000,M,2500000,0.09390819555555556,0.01,True,0.0,0.03
First third,ar,full_trajectory,ar:B:5400000,B,5400000,0.327453032448,0.02,True,0.01,0.05
First third,ar,full_trajectory,ar:L:5000000,L,5000000,0.6443771392,0.03,True,0.01,0.07
First third,ar,full_trajectory,ar:L:5400000,L,5400000,0.695927310336,0.04,True,0.02,0.08
First third,ar,full_trajectory,ar:L:6400000,L,6400000,0.824802738176,0.05,True,0.02,0.1
Middle third,ar,full_trajectory,ar:L:7600000,L,7600000,0.979453251584,0.06,True,0.03,0.11
Middle third,ar,full_trajectory,ar:XL:5400000,XL,5400000,1.327896649728,0.08,True,0.04,0.13999999999999999
Middle third,ar,full_trajectory,ar:XXL:4400000,XXL,4400000,1.7708105764408888,0.09,True,0.060000000000000005,0.15999999999999998
Middle third,ar,full_trajectory,ar:XXL:5600000,XXL,5600000,2.2537589154702222,0.1,True,0.07,0.17
Middle third,ar,full_trajectory,ar:XXL:5800000,XXL,5800000,2.3342503053084442,0.13,True,0.08,0.19999999999999998
Middle third,ar,full_trajectory,ar:XXL:6000000,XXL,6000000,2.4147416951466667,0.2,True,0.12999999999999998,0.28
Last third,ar,full_trajectory,ar:XXL:6200000,XXL,6200000,2.4952330849848887,0.21,True,0.14,0.29000000000000004
Last third,ar,full_trajectory,ar:XXL:6400000,XXL,6400000,2.575724474823111,0.24,True,0.16,0.33
Last third,ar,full_trajectory,ar:XXL:6600000,XXL,6600000,2.656215864661333,0.3,True,0.21000000000000002,0.3900000000000001
Last third,ar,full_trajectory,ar:XXL:7000000,XXL,7000000,2.8171986443377777,0.31,True,0.23000000000000007,0.4100000000000001
Last third,ar,full_trajectory,ar:XXL:7600000,XXL,7600000,3.0586728138524446,0.33,True,0.26,0.4300000000000001
Last third,ar,full_trajectory,ar:XXL:7800000,XXL,7800000,3.1391642036906666,0.36,True,0.28,0.4600000000000001
First third,bidir,mean_frame,bidir:XS:32768,XS,32768,0.0005871234833885867,0.0,False,0.0,0.0
First third,bidir,mean_frame,bidir:XS:524288,XS,524288,0.009393975734217387,0.0022222222222222222,False,0.0,0.005555555555555556
First third,bidir,mean_frame,bidir:XS:600000,XS,600000,0.010750552064,0.0044444444444444444,False,0.0011111111111111111,0.008888888888888889
First third,bidir,mean_frame,bidir:XS:786432,XS,786432,0.01409096360132608,0.005555555555555556,False,0.0022222222222222222,0.01111111111111111
First third,bidir,mean_frame,bidir:M:400000,M,400000,0.018281073777777778,0.020000000000000004,True,0.012222222222222223,0.02888888888888889
First third,bidir,mean_frame,bidir:M:524288,M,524288,0.023961369022008887,0.0955555555555554,True,0.0833333333333333,0.10777777777777772
First third,bidir,mean_frame,bidir:M:600000,M,600000,0.027421610666666665,0.14333333333333306,True,0.131111111111111,0.15555555555555542
First third,bidir,mean_frame,bidir:M:786432,M,786432,0.035942053533013336,0.2155555555555551,True,0.20555555555555538,0.22555555555555534
First third,bidir,mean_frame,bidir:M:800000,M,800000,0.036562147555555556,0.21888888888888847,True,0.20888888888888874,0.22888888888888864
First third,bidir,mean_frame,bidir:M:1000000,M,1000000,0.04570268444444445,0.254444444444444,True,0.24222222222222195,0.2677777777777776
First third,bidir,mean_frame,bidir:M:1200000,M,1200000,0.05484322133333333,0.27999999999999947,True,0.2655555555555553,0.29555555555555546
First third,bidir,mean_frame,bidir:M:1400000,M,1400000,0.06398375822222223,0.3011111111111106,True,0.2855555555555554,0.31666666666666665
First third,bidir,mean_frame,bidir:M:1500000,M,1500000,0.06855402666666667,0.31444444444444397,True,0.29777777777777764,0.33111111111111113
First third,bidir,mean_frame,bidir:M:1800000,M,1800000,0.082264832,0.32111111111111057,True,0.30444444444444435,0.3388888888888889
Middle third,bidir,mean_frame,bidir:M:2000000,M,2000000,0.0914053688888889,0.334444444444444,True,0.3166666666666666,0.3533333333333332
Middle third,bidir,mean_frame,bidir:M:2400000,M,2400000,0.10968644266666666,0.34444444444444405,True,0.3255555555555554,0.36444444444444435
Middle third,bidir,mean_frame,bidir:M:2500000,M,2500000,0.11425671111111112,0.34555555555555517,True,0.3277777777777776,0.36666666666666653
Middle third,bidir,mean_frame,bidir:M:2600000,M,2600000,0.11882697955555556,0.34888888888888836,True,0.331111111111111,0.36888888888888877
Middle third,bidir,mean_frame,bidir:M:2800000,M,2800000,0.12796751644444446,0.35999999999999965,True,0.34111111111111087,0.37999999999999995
Middle third,bidir,mean_frame,bidir:M:3000000,M,3000000,0.13710805333333334,0.3666666666666664,True,0.3455555555555554,0.38888888888888873
Middle third,bidir,mean_frame,bidir:M:3200000,M,3200000,0.14624859022222222,0.38222222222222185,True,0.3599999999999999,0.4055555555555552
Middle third,bidir,mean_frame,bidir:M:3400000,M,3400000,0.1553891271111111,0.3955555555555554,True,0.37222222222222207,0.4199999999999999
Middle third,bidir,mean_frame,bidir:M:3800000,M,3800000,0.17367020088888888,0.3977777777777775,True,0.37777777777777755,0.42333333333333323
Middle third,bidir,mean_frame,bidir:M:4000000,M,4000000,0.1828107377777778,0.4155555555555555,True,0.393333333333333,0.4399999999999997
Middle third,bidir,mean_frame,bidir:M:4400000,M,4400000,0.20109181155555556,0.42444444444444457,True,0.39999999999999986,0.452222222222222
Middle third,bidir,mean_frame,bidir:B:3200000,B,3200000,0.22887945557333333,0.4255555555555556,True,0.40666666666666657,0.4555555555555553
Middle third,bidir,mean_frame,bidir:B:3400000,B,3400000,0.24318442154666667,0.42888888888888893,True,0.40999999999999975,0.4566666666666665
Middle third,bidir,mean_frame,bidir:B:3600000,B,3600000,0.25748938752,0.4388888888888888,True,0.4155555555555554,0.4644444444444443
Last third,bidir,mean_frame,bidir:B:3800000,B,3800000,0.2717943534933333,0.46333333333333326,True,0.4355555555555554,0.4888888888888887
Last third,bidir,mean_frame,bidir:B:4000000,B,4000000,0.28609931946666667,0.47666666666666674,True,0.45333333333333303,0.5011111111111106
Last third,bidir,mean_frame,bidir:B:4200000,B,4200000,0.30040428544,0.4922222222222222,True,0.4688888888888886,0.5155555555555551
Last third,bidir,mean_frame,bidir:B:4400000,B,4400000,0.31470925141333334,0.5055555555555555,True,0.48111111111111077,0.5288888888888886
Last third,bidir,mean_frame,bidir:B:4600000,B,4600000,0.32901421738666664,0.5155555555555555,True,0.49222222222222184,0.5388888888888885
Last third,bidir,mean_frame,bidir:B:4800000,B,4800000,0.34331918336,0.5188888888888888,True,0.4977777777777776,0.5422222222222219
Last third,bidir,mean_frame,bidir:B:5000000,B,5000000,0.3576241493333333,0.5244444444444444,True,0.5022222222222219,0.5488888888888884
Last third,bidir,mean_frame,bidir:B:5400000,B,5400000,0.38623408128,0.5366666666666667,True,0.5133055555555551,0.5611111111111108
Last third,bidir,mean_frame,bidir:B:5600000,B,5600000,0.40053904725333334,0.5388888888888888,True,0.5177777777777776,0.5644444444444443
Last third,bidir,mean_frame,bidir:B:5800000,B,5800000,0.41484401322666664,0.5411111111111113,True,0.5222222222222217,0.5666666666666664
Last third,bidir,mean_frame,bidir:XL:5200000,XL,5200000,1.36914212864,0.5433333333333332,True,0.5277777777777775,0.5711111111111108
Last third,bidir,mean_frame,bidir:XL:5400000,XL,5400000,1.42180144128,0.5699999999999998,True,0.5444444444444442,0.5944444444444442
Last third,bidir,mean_frame,bidir:XL:5800000,XL,5800000,1.52712006656,0.58,True,0.5544444444444443,0.606666666666666
Last third,bidir,mean_frame,bidir:XL:6000000,XL,6000000,1.5797793792,0.5822222222222222,True,0.5599999999999995,0.6088888888888886
