observation,generation,action,frame_accuracy_percent,ci95_low_percent,ci95_high_percent
single,causal,1,100.0,100.0,100
single,causal,2,99.0,97.04,100
single,causal,3,72.0,63.15528714685743,80.84471285314257
single,causal,4,28.000000000000004,19.155287146857432,36.84471285314257
single,causal,5,9.0,3.3625795712126365,14.637420428787362
single,causal,6,2.0,0,4.757823765071274
single,causal,7,0.0,0,0.0
single,causal,8,1.0,0,2.9599999999999995
single,causal,9,1.0,0,2.9599999999999995
single,bidir,1,100.0,100.0,100
single,bidir,2,98.0,95.24217623492872,100
single,bidir,3,48.0,38.158512061253916,57.841487938746084
single,bidir,4,5.0,0.7067588942712283,9.293241105728772
single,bidir,5,0.0,0,0.0
single,bidir,6,0.0,0,0.0
single,bidir,7,0.0,0,0.0
single,bidir,8,0.0,0,0.0
single,bidir,9,0.0,0,0.0
dual,causal,1,100.0,100.0,100
dual,causal,2,100.0,100.0,100
dual,causal,3,98.0,95.24217623492872,100
dual,causal,4,94.0,89.32180817111154,98.67819182888844
dual,causal,5,92.0,86.65586548285191,97.3441345171481
dual,causal,6,91.0,85.36257957121263,96.63742042878737
dual,causal,7,89.0,82.83646566038969,95.16353433961031
dual,causal,8,89.0,82.83646566038969,95.16353433961031
dual,causal,9,88.0,81.59866680552663,94.40133319447337
dual,bidir,1,100.0,100.0,100
dual,bidir,2,100.0,100.0,100
dual,bidir,3,91.0,85.36257957121265,96.63742042878735
dual,bidir,4,64.0,54.54460423404134,73.45539576595867
dual,bidir,5,25.0,16.470194858170807,33.52980514182919
dual,bidir,6,6.0,1.3218081711115395,10.67819182888846
dual,bidir,7,0.0,0,0.0
dual,bidir,8,0.0,0,0.0
dual,bidir,9,0.0,0,0.0
