method,training_videos,episodes,weights,latent_frames_per_chunk,parameters,action_index,frame_accuracy,sticker_accuracy,action_following
Video only,3000000,100,ema,1,19698448,1,1.0,1.0,0.9
Video only,3000000,100,ema,1,19698448,2,0.97,0.9975,0.93
Video only,3000000,100,ema,1,19698448,3,0.58,0.9516666666666667,0.9
Video only,3000000,100,ema,1,19698448,4,0.2,0.8533333333333334,0.9
Video only,3000000,100,ema,1,19698448,5,0.03,0.7541666666666667,0.92
Video only,3000000,100,ema,1,19698448,6,0.02,0.6516666666666666,0.9
Video only,3000000,100,ema,1,19698448,7,0.0,0.5416666666666666,0.88
Video only,3000000,100,ema,1,19698448,8,0.0,0.4816666666666667,0.87
Video only,3000000,100,ema,1,19698448,9,0.0,0.4216666666666667,0.87
Front12 feedback,3000000,100,ema,1,19813024,1,1.0,1.0,0.92
Front12 feedback,3000000,100,ema,1,19813024,2,0.97,0.9975,0.92
Front12 feedback,3000000,100,ema,1,19813024,3,0.89,0.9858333333333333,0.89
Front12 feedback,3000000,100,ema,1,19813024,4,0.81,0.9758333333333333,0.89
Front12 feedback,3000000,100,ema,1,19813024,5,0.75,0.9658333333333333,0.91
Front12 feedback,3000000,100,ema,1,19813024,6,0.54,0.9291666666666667,0.87
Front12 feedback,3000000,100,ema,1,19813024,7,0.39,0.8941666666666667,0.89
Front12 feedback,3000000,100,ema,1,19813024,8,0.37,0.8716666666666667,0.87
Front12 feedback,3000000,100,ema,1,19813024,9,0.34,0.8575,0.88
Full24 feedback,3000000,100,ema,1,19813024,1,1.0,1.0,0.94
Full24 feedback,3000000,100,ema,1,19813024,2,0.99,0.9983333333333333,0.94
Full24 feedback,3000000,100,ema,1,19813024,3,0.9,0.9866666666666667,0.88
Full24 feedback,3000000,100,ema,1,19813024,4,0.79,0.9641666666666666,0.85
Full24 feedback,3000000,100,ema,1,19813024,5,0.73,0.9483333333333334,0.87
Full24 feedback,3000000,100,ema,1,19813024,6,0.48,0.9183333333333333,0.88
Full24 feedback,3000000,100,ema,1,19813024,7,0.32,0.8833333333333333,0.87
Full24 feedback,3000000,100,ema,1,19813024,8,0.23,0.8491666666666666,0.89
Full24 feedback,3000000,100,ema,1,19813024,9,0.22,0.8191666666666667,0.85
